name,username,user_ID,user_alter_name,usermail,userpass_plain,hash,salt,algorithm,address,ipaddress,url,source_url,useragent,user_fullname,country,city,state,zip,tel,dob,passport,type,user_additional_info,date
Ashlea,,,,,,,,,"Apt. 682 12321 Alethea Ville, Gusikowskiville, NH 47241-6623",,,,,,,,,,1 (383) 549 5919,,,,Национальность: Catalans,1987-02-21
Erica,,,,,,,,,"Apt. 625 92111 Van Rapids, Pourosmouth, DE 98636",,,,,,,,,,1 (457) 576 4858,,,,Национальность: Bulgarians,1980-06-04
Javier,,,,,,,,,"Apt. 945 306 Cummerata Causeway, Serafinaberg, HI 25124",,,,,,,,,,,,,,Национальность: Cambodians,1993-11-21
Angelo,,,,,,,,,"947 Stuart Union, Lowetown, FL 53431",,,,,,,,,,1 (501) 517 7137,,,,Национальность: Guianese (French),1985-08-04
Blair,,,,,,,,,"943 Schaefer Harbors, Jaskolskiton, NJ 82803",,,,,,,,,,1 (468) 957 6592,,,,Национальность: Kuwaitis,1972-06-07
Joel,,,,,,,,,"4774 Abernathy Center, Klockomouth, CO 76261-3590",,,,,,,,,,1 (750) 011 2404,,,,Национальность: Australians,1988-12-04
Celine,,,,,,,,,"5231 Jacobi Haven, Luettgenmouth, WV 59075-8803",,,,,,,,,,,,,,Национальность: Turks,1981-10-02
Sandy,,,,,,,,,"Apt. 472 42908 Jamel Corner, Kreigerburgh, AL 86995-0230",,,,,,,,,,,,,,Национальность: Syrians,1979-06-19
Glady,,,,,,,,,"Suite 980 76908 Marvin Mountain, Port Andersonbury, PA 79319",,,,,,,,,,1 (419) 663 4087,,,,Национальность: Georgians,1996-12-14
Florencio,,,,,,,,,"46549 Isaura Stravenue, Lake Ramiro, TX 46609-2040",,,,,,,,,,,,,,Национальность: Mongolians,1978-02-22
Adrienne,,,,,,,,,"420 Jefferson Mills, Wolffhaven, CT 42612",,,,,,,,,,,,,,Национальность: Liberians,1994-02-04
Malena,,,,,,,,,"Apt. 127 12136 Lynch Locks, Reneemouth, OK 50555-3109",,,,,,,,,,1 (446) 138 2603,,,,Национальность: Americans,1988-08-01
Pei,,,,,,,,,"97130 Eliseo Prairie, Effertzview, TX 88195-1585",,,,,,,,,,1 (935) 351 5387,,,,Национальность: Zambians,1987-03-17
Bethann,,,,,,,,,"Apt. 894 5928 Oren Plaza, Pierrehaven, SD 51727",,,,,,,,,,1 (776) 179 9043,,,,Национальность: Iraqis,1991-10-31
Bella,,,,,,,,,"Apt. 787 2778 Charles Islands, New Devora, MO 30425",,,,,,,,,,,,,,Национальность: Dominicans (Commonwealth),1978-11-08
Lilly,,,,,,,,,"172 Kum Radial, West Troyside, RI 78182",,,,,,,,,,1 (329) 668 5321,,,,Национальность: Nepalese,1975-03-02
Ellis,,,,,,,,,"Suite 439 74031 Kub Trail, Lynchport, AK 17948",,,,,,,,,,1 (515) 092 3776,,,,Национальность: Grenadians,1999-07-07
Leonardo,,,,,,,,,"Suite 197 47276 Stehr Rapids, West Dessie, WV 42195-7690",,,,,,,,,,1 (529) 130 5774,,,,Национальность: Taiwanese,1977-08-31
Juliann,,,,,,,,,"Apt. 155 71261 Rogahn Lodge, Augustineland, ME 11314",,,,,,,,,,,,,,Национальность: Canadians,1989-10-28
Denver,,,,,,,,,"Apt. 548 261 Feest Track, Mathildaborough, LA 30400-7587",,,,,,,,,,1 (674) 556 7609,,,,Национальность: Congolese,1976-12-04
Tequila,,,,,,,,,"Apt. 536 889 Gerhold Shores, Yostland, TN 78374",,,,,,,,,,,,,,Национальность: South Africans,1995-06-17
Markus,,,,,,,,,"4628 Orn Square, Funkport, IA 66687",,,,,,,,,,1 (283) 923 0007,,,,Национальность: Norwegians,1994-08-18
Larraine,,,,,,,,,"Apt. 703 95086 Stanton Stream, Harveyville, OR 37128-7384",,,,,,,,,,1 (186) 121 4338,,,,Национальность: Chileans,1983-06-03
Kum,,,,,,,,,"28481 Weimann Grove, West Humberto, MS 19393-1380",,,,,,,,,,1 (788) 510 4102,,,,Национальность: Ghanaians,1991-07-22
Ayanna,,,,,,,,,"67449 Crona Ways, Nakiaside, OR 05509",,,,,,,,,,1 (741) 506 9140,,,,Национальность: Yemenis,1979-07-27
Fidel,,,,,,,,,"Suite 239 38370 Blick Ports, Schmidthaven, MN 45167-7242",,,,,,,,,,1 (418) 393 3323,,,,Национальность: Mongolians,1993-01-01
Alexander,,,,,,,,,"505 Bonny Dale, North Rozellaton, VT 28316",,,,,,,,,,1 (480) 034 3247,,,,Национальность: Liberians,1992-08-05
Dirk,,,,,,,,,"Suite 363 466 Sal Flat, Wardhaven, AL 35896-5161",,,,,,,,,,1 (246) 891 3768,,,,Национальность: St Lucians,1973-05-01
Ngoc,,,,,,,,,"Suite 538 887 Stark Wall, Garfieldport, TN 34969",,,,,,,,,,,,,,Национальность: Andorrans,1985-06-06
Mervin,,,,,,,,,"157 Earle Forest, West Rochelview, KS 21866",,,,,,,,,,,,,,Национальность: Emiratis,1977-02-10
Brittney,,,,,,,,,"7899 Brittani Divide, Lake Delphine, IL 40462",,,,,,,,,,,,,,Национальность: Lebanese,1994-11-30
Weston,,,,,,,,,"48621 Leffler Parks, Natashamouth, MI 60395-0297",,,,,,,,,,1 (946) 340 2388,,,,Национальность: St Lucians,1985-05-20
Sid,,,,,,,,,"5671 Weber Fall, Yundtmouth, NV 98037-2073",,,,,,,,,,1 (800) 227 4078,,,,Национальность: Maltese,1983-12-19
Cliff,,,,,,,,,"848 Jaskolski Extension, Port Idatown, MD 76292-2939",,,,,,,,,,1 (570) 619 4185,,,,Национальность: Finnish Swedish,1984-02-25
Judson,,,,,,,,,"Apt. 459 4014 Schmitt Corner, Carrollborough, MN 60763-9420",,,,,,,,,,1 (131) 482 9155,,,,Национальность: East Timorese,1994-07-19
Sharie,,,,,,,,,"9427 Elwood Ports, Tremblayville, NH 59081",,,,,,,,,,1 (467) 547 2866,,,,Национальность: Hondurans,1995-12-22
Johnie,,,,,,,,,"Apt. 609 88054 Heidenreich Point, Russelberg, AZ 25623",,,,,,,,,,1 (345) 243 6717,,,,Национальность: Palestinians,1972-12-02
Anderson,,,,,,,,,"Apt. 410 76653 Tenesha Wells, Schinnerhaven, RI 88493-7089",,,,,,,,,,1 (638) 999 6128,,,,Национальность: Baltic Germans,1971-10-23
Clarine,,,,,,,,,"Apt. 674 38065 Tania Stravenue, Lake Woodrowbury, LA 52509-8656",,,,,,,,,,1 (295) 326 7381,,,,Национальность: Canadians,1981-07-07
Vonnie,,,,,,,,,"Apt. 436 88388 Leonard Station, Forestport, UT 61794-4927",,,,,,,,,,,,,,Национальность: Baltic Germans,1972-01-29
Bobbye,,,,,,,,,"870 Jacob Oval, Lake Modesta, VA 69597",,,,,,,,,,,,,,Национальность: Papua New Guineans,1999-05-01
Katlyn,,,,,,,,,"Apt. 437 3780 Okuneva Forges, East Damon, IL 62101-1437",,,,,,,,,,1 (844) 931 2254,,,,Национальность: Ecuadorians,1978-05-09
Jeanelle,,,,,,,,,"Suite 807 65476 Cummerata Summit, Lake Kevenmouth, ND 44620-5007",,,,,,,,,,1 (312) 937 4481,,,,Национальность: Bretons,1980-11-27
Archie,,,,,,,,,"31244 Heidenreich Freeway, South Huong, NE 79635",,,,,,,,,,1 (162) 540 1240,,,,Национальность: Turks,1978-01-21
Arnoldo,,,,,,,,,"Apt. 661 87049 Frami Highway, Moorehaven, ND 59304-1809",,,,,,,,,,,,,,Национальность: Swedes,1980-07-15
Frederic,,,,,,,,,"22518 Robby Ford, Littletown, OH 14289",,,,,,,,,,1 (863) 780 6594,,,,Национальность: English,1998-11-24
Joann,,,,,,,,,"893 Reichel Green, North Hugh, NC 98824-2276",,,,,,,,,,,,,,Национальность: Poles,1975-02-08
Latrisha,,,,,,,,,"567 Leida Loaf, Humbertohaven, GA 83616-8044",,,,,,,,,,1 (456) 948 5417,,,,Национальность: Indians,1972-07-20
Mose,,,,,,,,,"42846 Darnell Pass, West Nathantown, DE 62918-7940",,,,,,,,,,1 (352) 779 4939,,,,Национальность: Lebanese,1985-09-15
Natosha,,,,,,,,,"89535 Jodee Trafficway, Mertieland, AL 54588-4244",,,,,,,,,,1 (878) 143 5360,,,,Национальность: Belizeans,1991-02-28
Kendall,,,,,,,,,"Suite 552 391 Rippin Neck, North Jaimee, NH 75811",,,,,,,,,,1 (130) 715 4396,,,,Национальность: Indians,1971-12-27
Theo,,,,,,,,,"455 Sudie Lock, Angelesview, NY 32082",,,,,,,,,,1 (813) 562 6919,,,,Национальность: Moroccans,1975-10-09
Darrell,,,,,,,,,"Apt. 298 73877 Lyndia Avenue, Port Chad, RI 43316-2768",,,,,,,,,,1 (702) 459 1310,,,,Национальность: Kazakhs,1989-08-05
Dalton,,,,,,,,,"79122 Kenya Meadows, New Teddystad, UT 38034-5332",,,,,,,,,,1 (665) 187 7226,,,,Национальность: Chadians,1988-01-05
Alfredo,,,,,,,,,"653 Natasha Orchard, Siobhanland, ID 07231-0125",,,,,,,,,,1 (558) 747 8594,,,,Национальность: Zimbabweans,1987-10-24
Lesley,,,,,,,,,"Apt. 741 32348 Senger Village, Fredericmouth, TN 67096",,,,,,,,,,1 (377) 615 0827,,,,Национальность: Palauans,1975-03-24
Jame,,,,,,,,,"Suite 554 87752 Rath Viaduct, Port Tyler, CT 89439",,,,,,,,,,1 (116) 496 1779,,,,Национальность: Aromanians,1979-06-25
Danyelle,,,,,,,,,"Apt. 166 5791 Parisian Run, Lake Marla, MS 21637",,,,,,,,,,1 (231) 498 7034,,,,Национальность: Canadians,1990-01-28
Gala,,,,,,,,,"59750 Stehr Estates, Lake Lorene, MA 32216-0677",,,,,,,,,,1 (898) 483 1743,,,,Национальность: Russians,1997-06-01
Joe,,,,,,,,,"Suite 411 6751 Schroeder Creek, Blickland, UT 27238",,,,,,,,,,,,,,Национальность: Nicaraguans,1975-04-20
Isadora,,,,,,,,,"58754 Streich Court, Stoltenbergshire, VA 52643-2847",,,,,,,,,,1 (209) 538 8110,,,,Национальность: Aromanians,1988-10-26
Harlan,,,,,,,,,"422 Romaguera Greens, Latashaberg, WA 84221",,,,,,,,,,1 (753) 965 6430,,,,Национальность: Zimbabweans,1995-02-12
Elvin,,,,,,,,,"14860 Conroy Corners, Port Von, VA 59664",,,,,,,,,,1 (815) 874 5188,,,,Национальность: Iraqis,1972-10-01
Courtney,,,,,,,,,"Apt. 127 2444 Darrel Hollow, Efrainchester, IA 28035-8184",,,,,,,,,,,,,,Национальность: Swedes,1992-06-11
Melita,,,,,,,,,"649 Kunde Ramp, Araborough, NM 54105",,,,,,,,,,1 (274) 453 2339,,,,Национальность: Barbadians,1974-10-28
Jeanine,,,,,,,,,"Apt. 283 3037 My Avenue, Reyesshire, IA 78428-1637",,,,,,,,,,1 (506) 236 6341,,,,Национальность: Arubans,1989-11-30
Catherina,,,,,,,,,"Apt. 646 911 Kunde Prairie, Shanetown, OH 04774",,,,,,,,,,,,,,Национальность: Estonians,1989-12-21
Glinda,,,,,,,,,"Apt. 899 43285 Harvey Prairie, Angelport, CA 59942-6253",,,,,,,,,,1 (433) 488 5967,,,,Национальность: Salvadorans,1972-08-23
Lyman,,,,,,,,,"76015 Dedra Union, South Val, RI 59800-3412",,,,,,,,,,,,,,Национальность: Scots,1979-08-03
Eddy,,,,,,,,,"Suite 995 2058 Yundt Inlet, Khalilahburgh, TX 64308",,,,,,,,,,1 (487) 207 0051,,,,Национальность: Manx,1999-05-20
Patience,,,,,,,,,"8580 Kacie Village, Lake Rupertmouth, NE 55757-2611",,,,,,,,,,1 (226) 495 9427,,,,Национальность: Moldovans,1994-12-06
Logan,,,,,,,,,"Suite 682 31329 Collins Spur, Faheybury, NJ 87858-8108",,,,,,,,,,1 (457) 844 4881,,,,Национальность: Scots,1985-05-20
Nelda,,,,,,,,,"61244 Schroeder Neck, Littelmouth, CT 18642",,,,,,,,,,,,,,Национальность: Namibians,1977-01-17
Ingrid,,,,,,,,,"60152 Kunze Cape, Port Sena, MO 56991-7148",,,,,,,,,,1 (260) 741 9350,,,,Национальность: Finns,1978-08-23
Austin,,,,,,,,,"2988 Tiffaney Turnpike, New Kylebury, OH 80028-2346",,,,,,,,,,1 (999) 352 6063,,,,Национальность: Guinea-Bissau nationals,1979-11-07
Earle,,,,,,,,,"1856 Josefa Curve, North John, MD 94446",,,,,,,,,,1 (380) 970 3705,,,,Национальность: Liechtensteiners,1979-03-04
Tawanda,,,,,,,,,"7325 Micheal Pine, Gleichnerside, OR 48001-6591",,,,,,,,,,,,,,Национальность: Panamanians,1975-03-28
Weston,,,,,,,,,"522 Ankunding Prairie, Elfriedaburgh, IA 05454-0219",,,,,,,,,,1 (908) 754 8167,,,,Национальность: Venezuelans,1983-02-14
Janis,,,,,,,,,"Apt. 122 386 Ullrich Views, Hansenview, CO 72927-3037",,,,,,,,,,1 (564) 149 8297,,,,Национальность: Burkinabès,1972-04-08
Lovie,,,,,,,,,"Suite 732 5261 Eugenio Village, North Leah, UT 07274-9881",,,,,,,,,,1 (507) 397 5064,,,,Национальность: Belgians,1988-11-10
Levi,,,,,,,,,"9918 Baumbach Track, Lake Bessside, MO 15122-7264",,,,,,,,,,1 (943) 877 2984,,,,Национальность: Australians,1992-04-02
Rebecca,,,,,,,,,"Apt. 345 47998 Darline Ramp, MacGyverview, PA 48678-9424",,,,,,,,,,1 (499) 698 9327,,,,Национальность: Burkinabès,1983-11-03
Jeanice,,,,,,,,,"8508 Clair Flats, Alicaton, TN 60360",,,,,,,,,,1 (111) 196 9777,,,,Национальность: Catalans,1995-04-19
Byron,,,,,,,,,"612 Bok Islands, Pfannerstillburgh, PA 18934",,,,,,,,,,1 (364) 151 3338,,,,Национальность: Iranians (Persians),1991-06-25
Laurette,,,,,,,,,"36755 Jenkins Trafficway, Schimmelside, SC 71062",,,,,,,,,,1 (446) 788 8704,,,,Национальность: Israelis,1974-12-06
Oda,,,,,,,,,"Apt. 999 120 Koelpin Knoll, Ebertshire, GA 50036-2199",,,,,,,,,,1 (890) 959 8405,,,,Национальность: Icelanders,1978-12-15
Corina,,,,,,,,,"Apt. 249 71158 Felix Run, Gleichnerfurt, AR 50364",,,,,,,,,,1 (484) 805 1946,,,,Национальность: Kazakhs,1994-12-31
Pasquale,,,,,,,,,"Apt. 890 42523 Keeling Court, Ollieport, CT 27925",,,,,,,,,,1 (231) 092 6443,,,,Национальность: Barbadians,1976-08-01
Douglas,,,,,,,,,"781 Kimbra Walks, Arielport, AK 45712-7215",,,,,,,,,,1 (386) 836 4316,,,,Национальность: Canadians,1978-06-29
Preston,,,,,,,,,"6860 Alfredia Forest, Lake Lucy, MI 81290-7294",,,,,,,,,,1 (713) 374 5538,,,,Национальность: Mongolians,1995-09-05
Anton,,,,,,,,,"Suite 318 490 Bauch Ridges, Darlenaburgh, IA 60131-0783",,,,,,,,,,,,,,Национальность: São Tomé and Príncipe,1995-03-02
Carlos,,,,,,,,,"Suite 117 7246 Earl Cove, Gislasonshire, CA 53682",,,,,,,,,,1 (197) 363 1263,,,,Национальность: Romanians,1983-04-04
Blanche,,,,,,,,,"Suite 448 7664 Dusty Ports, New Demetrius, VT 63882-3476",,,,,,,,,,1 (624) 246 5143,,,,Национальность: Tuvaluans,1998-04-30
Abel,,,,,,,,,"512 Ferne Port, Martinatown, MD 81105-6194",,,,,,,,,,1 (676) 635 8071,,,,Национальность: Malians,1986-06-14
Leonardo,,,,,,,,,"10291 Cletus Estates, South Omerborough, VT 83133",,,,,,,,,,,,,,Национальность: Aromanians,1972-09-26
Stanton,,,,,,,,,"Suite 656 3000 Assunta Hill, Kemmershire, NV 14950",,,,,,,,,,1 (300) 650 7728,,,,Национальность: Salvadorans,1983-11-14
Burton,,,,,,,,,"876 Anamaria Isle, Kareemville, FL 53255",,,,,,,,,,1 (997) 819 8552,,,,Национальность: Tobagonians,1990-07-29
Jason,,,,,,,,,"34268 Jenkins Village, Brakuschester, NC 33348-0640",,,,,,,,,,,,,,Национальность: Filipinos,1993-09-14
Sean,,,,,,,,,"22474 Marin Ways, Kirlinville, LA 54869",,,,,,,,,,,,,,Национальность: English,1993-12-18
Graciela,,,,,,,,,"Apt. 882 1292 Larson Isle, Shemikaside, TN 31075",,,,,,,,,,1 (672) 319 2305,,,,Национальность: Bretons,1974-09-01
